"Source Connection","Destination Connection","Mapping Csv","Status","Comment"
"create new app+sa","create new app+sa","TeamImportPlan-1.csv","Succeed",""
"create new app+sa","create new app+sa","TeamImportPlan-2.csv","Succeed",""
"create new app+sa","create new app+sa","TeamImportPlan-3.csv","Succeed",""
"create new app+sa","create new app+sa","TeamImportPlan-4.csv","Succeed",""
"create new app+sa","create new app+sa","TeamImportPlan-5.csv","Succeed",""
"create new app+sa","create new app+sa","TeamImportPlan-6.csv","Succeed",""
"create new app+sa","create new app+sa","TeamImportPlan-7.csv","Succeed",""
"create new app+sa","create new app+sa","TeamImportPlan-8.csv","Failed","Operation returned an invalid status code 'BadRequest'The time configured cannot be later than the current time."
"create new app+sa","create new app+sa","TeamImportPlan-9.csv","Failed","Operation returned an invalid status code 'BadRequest'The time configured cannot be later than the current time."
"create new app+sa","create new app+sa","TeamImportPlan-10.csv","Failed","Operation returned an invalid status code 'BadRequest'The time configured cannot be later than the current time."
"create new app+sa","create new app+sa","TeamImportPlan-11.csv","Failed","Operation returned an invalid status code 'BadRequest'The time configured cannot be later than the current time."
"create new app+sa","create new app+sa","TeamImportPlan-12.csv","Failed","Operation returned an invalid status code 'BadRequest'The time configured cannot be later than the current time."
"create new app+sa","create new app+sa","TeamImportPlan-13.csv","Failed","Operation returned an invalid status code 'BadRequest'The time configured cannot be later than the current time."
"create new app+sa","create new app+sa","TeamImportPlan-14.csv","Failed","Operation returned an invalid status code 'BadRequest'The time configured cannot be later than the current time."
"create new app+sa","create new app+sa","TeamImportPlan-15.csv","Failed","Operation returned an invalid status code 'BadRequest'The time configured cannot be later than the current time."
"create new app+sa","create new app+sa","TeamImportPlan-16.csv","Failed","Operation returned an invalid status code 'BadRequest'The time configured cannot be later than the current time."
"create new app+sa","create new app+sa","TeamImportPlan-17.csv","Failed","Operation returned an invalid status code 'BadRequest'The time configured cannot be later than the current time."
"create new app+sa","create new app+sa","TeamImportPlan-18.csv","Failed","Operation returned an invalid status code 'BadRequest'The time configured cannot be later than the current time."
"create new app+sa","create new app+sa","TeamImportPlan-19.csv","Failed","Operation returned an invalid status code 'BadRequest'The time configured cannot be later than the current time."
"create new app+sa","create new app+sa","TeamImportPlan-20.csv","Failed","Operation returned an invalid status code 'BadRequest'The time configured cannot be later than the current time."
